# Created by Octave 3.8.1, Sat Feb 06 11:17:56 2016 CST <ruansongsong@ruansongsong-Lenovo-Y50-70>
# name: all_theta
# type: matrix
# rows: 10
# columns: 401
 -3.945889997494349 0 0 0.0001098999907466417 -0.001015278752319199 -0.001107551704118732 0.001831497839360793 -0.02310474466103445 -0.0008680133226537753 0.0006551082715918273 0.0006883758899106264 0.0001197471924521825 0.0004755977522612095 0.002088797221301732 0.002051494503439395 0.006482840226460003 0.008519395887845728 0.0007174136300876366 -0.0001213731807120408 -1.458777988488501e-07 0 -2.636940873680946e-08 1.337241303330024e-05 -0.001407751650538568 0.01150759752962848 0.0132620960936956 0.002767896494189326 -0.0308084189289872 -0.0001732721813724231 -0.001138054666005491 -0.01392929513248982 -0.001759230980581761 -0.005146286338077158 -0.02240842738480138 -0.01426625744579298 -0.05926230410898703 -0.0811594530871811 0.007399457301926779 0.01311988745875839 0.0004846756242501741 0.0002489717929379592 2.132927497545208e-07 -0.0004085299388051281 0.0007892514742925414 0.03593794953768604 0.07961674313673378 0.1186012910715609 0.1110420289384587 -0.09429270982464717 -0.1247109716483016 -0.0315760738906529 -0.0478886622828312 -0.006313706607723944 -0.07841524609586645 -0.2530454042546272 -0.4208728843773795 -0.3283540209680997 -0.06665482322812366 0.07343079866642291 0.0009867901087099551 -0.0006081057789059432 1.074927290391683e-06 0.002006697504647111 0.004417743716991262 -0.2319373677741507 -0.7528068875883104 -1.203813919881785 -1.702945866753186 -1.052892143458606 -1.109750498849051 -0.1146701267223751 0.4042327710964762 -0.1525332227488154 -0.01088046356847398 -0.7385496475438272 -0.9892697208501908 -1.467579030213126 -1.995653527161466 -1.915339428539383 -0.04965072685946511 -0.02524699883033325 2.377682267557388e-06 0.009304068731053024 -0.07822050840839129 -0.1644302416248772 -0.4119480588476629 -3.919238525871607 -3.126363064930203 -0.1287103752358416 1.686541409951392 2.550272510632182 -0.04099453604627367 -0.6558381252470286 0.08934947953694708 -1.461212554049781 -1.438232645866802 2.383666648994771 0.03864635968686109 -1.927167201136847 -0.3535942880542859 -0.05946201936874868 -2.752933832890641e-05 -0.02163212865476606 -0.1609468235512808 2.167594987980381 0.1640557691560149 -1.195522481697003 -2.162197360440568 -1.338737851900956 2.898170679222975 1.96736692413408 -2.609569678606995 -1.6032381043344 -0.2517689477869141 -2.240596960739147 -1.93625206979164 5.249511615123237 1.068965460133021 -4.546476769232436 -0.9807496814165986 -0.06142467653055615 -0.0002267356037434554 0.01782912633240354 -1.075771409034027 -0.4687005155418323 -0.8900217430263812 -1.758588629638584 -0.8024156779640907 -1.665825144476457 -0.8759178458524224 -1.513107067032695 -1.37004594236692 -0.8935039662717886 -0.3166744529802443 -1.274948182940315 -2.317083977442051 -2.384403814201807 -0.04693567167747557 -2.42280515610785 -1.531696004266781 -0.03732098497987064 -0.001148646573235155 0.06317136527816331 -2.159386642333055 -3.633708821288967 -1.311026392443594 -1.329781226527549 0.1093414926835062 -1.161043984801214 1.132402681278182 -2.979297643301634 -2.914595789188876 -1.448393839126486 -3.235998684023477 1.76331863350252 2.961430081945776 -1.144668023298387 -0.02648834491660545 0.1778512744717805 -3.409749953614647 -0.01226922785818144 0.02837869972741172 -0.3481997400330251 -1.631775612626688 -0.8160914522185185 -2.798675160677234 -2.019697043474787 0.1357373175911858 0.3096491919266218 -0.2116348255710549 -2.862510415493102 -0.419045737360531 1.137384049113597 -1.286442734276459 -2.808527941493097 0.5724415956303847 -0.19710877966957 -1.061996898147967 -2.00353486345525 -4.075377561027121 -0.6166348287298763 0.05884735859581745 -0.6674589694976429 -0.3417338376460535 -1.059181361824313 -1.203904033237719 -0.525794966286836 -0.4077517466875063 0.1693004818982542 0.5201240001696182 0.5685920305675091 1.510794154850502 0.9724988083663783 1.10866936595862 0.857537631984996 0.33801458552242 -1.791451740535071 -0.1277844605731961 -0.3832660768037718 -2.925159751820083 -0.1765193352672402 0.03819272770461987 -0.3718495292489814 0.8482987143041628 -1.751249802588669 -2.963612978924278 0.7831739034642353 -0.5938831895035566 0.4543562720411434 3.781529234283584 3.950832111897043 2.648288481815795 2.926841214780907 -0.413504411469703 1.678214584894659 0.2539849013800677 0.3407130970490841 -0.3673802286340099 -2.178559362000409 -2.243429245535312 0.05444388028546295 0.01080481586032926 -0.2362474957538621 0.7320203523811524 3.16463988005373 0.9827422902273091 -0.6920923537415886 -1.382456075728192 2.516863962713351 1.869923004421963 0.8558220198300305 -1.169810345615649 0.20187211744466 -2.71438192731427 -1.580843368030558 0.9706233960292273 1.017224044032619 1.111834559229246 -3.799695071125863 -2.484562442444032 -0.09621126515459688 0.03142182525207594 -0.2792462451981654 -3.117443750364707 -3.967542008700816 -2.361730054298076 -3.042582821177943 -0.8189022308564597 0.06256020507392134 0.3096478975681992 0.1993469098932626 1.323603490395659 1.785480941555892 -1.208286261159632 -0.9161882826294594 -1.53141352409158 -1.819792962480869 3.111926290190148 0.9881308842311098 -1.210194411211794 -0.1589731327928001 0.02492510608523393 -0.3331821474718291 -1.299785842751198 1.848007700629351 1.060471437898118 2.548788395290418 -1.313086989110716 -1.648023373693349 1.85689523636806 -1.883422889541619 -1.791052461151972 -3.372161134874735 -1.706226377344321 1.96871702929319 2.353826117830171 -1.238946164068014 1.598007000987921 0.4513078996559253 -0.9677704848984288 -0.04744916727013097 0.003509585306203241 -0.02382348531197064 -0.7210984999356735 -0.8186880196944804 -0.1673620627561502 -0.8630017160770959 -1.633714905397824 -1.032228291912416 -3.152381652111379 -2.903099518066332 -1.498915206755208 -2.658978870145565 -1.808639647182108 2.654040379048801 -1.02850011738399 -0.4299412221434407 2.802272480382463 -1.688476048523544 -0.8205946589626345 -0.04939161453657344 -0.0002162574905328607 0.02046411682467532 -0.1959347701811616 -1.466990872504449 -1.340706877172519 1.166206942332871 -0.5909339653258165 -1.98473406452531 -1.688570161310004 -1.259480084804388 -1.649425710098077 -2.21867300796321 -2.156869099911947 -1.85740582758828 -0.8841231992507139 0.7466178156509184 0.168370260142603 -1.88772115911533 -0.01919660362170056 -0.010946864526621 -1.822685630548354e-05 -0.01777513367272946 0.1225859520613923 0.9689382300329686 -1.260612378949335 -1.357836254828557 -1.661075532222034 -1.314250866261882 -0.6454221223463043 -0.4603901909075038 -0.2849978009793874 -0.5029960767345459 -1.260206262579042 0.3738364426061829 1.022519981095457 0.1561158169213928 -0.7805096107727237 -0.5017799586980488 -0.02370096459040881 -0.008434060965234476 1.549835897488966e-05 -0.008207681498427179 0.05778863357737581 0.4789957349698076 -1.296214192118468 -1.854963847833738 -0.9886181478022549 -0.02180050812212316 -0.0414802034561516 -0.3890003394294808 -0.06613578390106756 -0.1751362595718813 -0.4929749333441413 0.7208431217093205 3.219075928390877 3.361862735397065 0.774163167497203 -0.2629963939037418 -0.02064612542038555 0.0006074941381124088 -5.425692169679788e-07 0.001312685960584351 0.001399849770358257 -0.1412657247500586 -0.4956374018886831 -0.1998632515729188 -0.2331514985892578 0.8524727857468213 0.6366664508332903 -0.1835699979040833 0.3511568006874491 0.04232438940031213 -0.1537411338300712 -0.008933111895618245 0.6723139049785561 2.137106598850303 0.5597001913208861 -0.05753009469882001 0.00121693856418359 9.416332485500418e-05 0 -8.217089132264004e-05 0.001678487756201444 -0.007151564159231548 0.009719372220798789 -0.009041311672605476 0.007984936193985206 -0.08159959908443759 -0.07289585905791618 0.0048704929629978 0.06242649362291768 0.002735939471700923 0.08389071362877186 0.4396567498922689 -0.01604033491574228 -0.1950480229465082 -0.04860746834866544 0.00601982042769832 2.331681136806937e-07 0
 -3.134278456398602 0 0 -2.358302161585673e-05 0.0003314952359419676 -0.0008231437031303306 -0.01427866321569353 -0.007718237297793796 -0.01078857634997501 -0.001385749846534788 -0.006841969795068632 -0.002589022252705061 0.003463009930149934 0.00478406328308122 0.002459708396605291 -0.002698302887824577 -0.001557411066868989 0.003041187334066435 -9.53348197184502e-05 -1.691551928857e-05 0 -1.391718372028289e-06 -5.294428684043849e-06 0.000509593169158745 -0.003454620122773252 0.01141485277533183 0.1308553017835774 -0.07271069416393688 -0.1515575377008064 -0.02637837460836677 -0.02625755810918123 -0.02221328568746839 -0.05509143846488397 -0.05608529784693243 -0.02736469696575647 0.01530796206546551 0.01525155807396158 -0.03770812212071346 0.00488310552586532 0.0009407750552082695 7.088171303981022e-05 4.094849670059684e-06 0.0002431790535800235 0.002528544960364615 -0.01734986182108757 -0.2788570973398984 -0.1989900330293681 -0.3076772070746808 -0.3688398146540378 -0.2258886747462664 0.04825941897781767 0.354687739728752 0.5176182374082776 -0.02599558651308477 -0.8346524086907297 -0.3725537961674416 0.1070992798970554 -0.2842672806715448 -0.06462118239847091 0.02955373111122484 -0.002457040279278196 0.0001280677459046174 -0.0001370152186249513 -0.03689435007201108 0.07133129918623941 0.1147843829179866 0.2512327264944518 0.4752300242772383 0.4978548145995534 0.03505260456289306 -1.251506505238155 -0.3503419582073536 0.9211651520022656 0.2503540570937771 -0.04874167831166529 0.4114468401475585 -0.13299487463891 -0.2185781347138149 -0.5805240829342574 -0.2754511780838891 0.0144787255433284 0.001462351325478829 -0.005574699173819132 -0.09097410963885498 0.3961564326090865 -0.167782048326577 -0.4922160377313493 0.1071539403099856 -0.3611649024639542 -1.837417627389955 -2.252554915114552 -0.3809399211192579 0.5779688731077115 0.9953061028162898 0.3746453132657058 0.0182094523590058 0.3115691176704952 0.6248025245903387 -0.7090736983587494 -0.8463059439272341 0.008269338582470016 -0.01140776900467447 -0.1068692221225699 0.07111839052175303 0.7359593132344325 0.2996080804554719 0.3730002873134544 0.4075144097402518 -0.3136402873470968 -2.605662638309805 -1.993577234333497 1.159235411093026 0.914741522054595 -0.03042593898118695 1.18467397728512 0.1114703505881445 0.2187353139293945 1.200771805024808 -0.1224400205810245 -1.110575205097588 -0.03565723507046036 -0.0591599125869552 -0.3168538837469774 0.3204560037191083 0.9030961558204175 0.05677291066345392 -0.1029162842207081 0.7278309505196626 0.1024118065350095 -2.399919176377641 -1.553703837692543 0.4638466642776742 0.3857409022689953 -0.5314001296477395 0.763275759330979 0.6289822988499904 -0.0706639610454538 -0.9857051737928528 -0.795250837020408 -1.026642089184848 -0.07250062854325311 -0.03949365818802338 -0.2723414110747275 0.8814565676494004 0.04568598154689565 -0.3170424053371498 0.4207296081250478 0.4413574984094669 -0.2307332651060426 -1.79072362730783 -0.7836822338860011 -0.8976990313284274 0.6216275596610668 -0.02398260551741431 0.09509738337690722 0.4590275628614368 0.8549613948246925 -0.8025379239260625 -1.000645136511152 -0.9592794663246871 -0.1260581238633427 -0.02702172611088372 0.2146696030047428 0.8726638715405006 -0.2831628779994039 0.4610035909584603 0.4962344398370678 -0.3770658869828862 0.2907444862053938 -1.145586618075186 -0.673498587480322 0.3876512874488041 1.036420778048454 0.6978605499517344 0.8326542856020562 0.5915961310505601 0.6681311316441554 -0.1863055509722595 -0.8746458543568113 -0.7400057566433351 -0.08796418848952781 -0.04023529060364849 0.2617755445962599 0.4148018697093165 0.7326106192293858 0.1829695849212284 -0.6716845138975319 0.3830507879327106 -0.6293690291034331 -1.691878582570487 -0.6252399732066634 -0.1580316591725968 0.1911801653904781 0.1958764097219206 0.8178112961936232 0.2710376366259084 0.1428770341262604 -0.1179834386553887 -0.4296146757655288 -0.6862375961496993 -0.07036550606201182 0.07726101854038983 -0.9495987107259415 -0.4308674231772456 0.8352269616575182 0.3838716573726598 -0.3366747672852974 0.4104981879497531 -0.5430265338994719 -0.680865081582909 -1.457237112699556 -0.461662291550788 0.4563025479189069 0.2819843382321272 0.5024011668836815 0.2782541974254747 -1.027566909030345 -0.2622112854999871 -0.258560055884534 -0.82539727466816 -0.05409555732148844 0.2214690018385763 -0.7609604759017266 -0.8526186800041426 0.2382214457736269 0.4711537362181456 -0.2023887981794163 -0.738904944798597 -0.03891416875932839 0.2309632301555367 -0.4586406642192993 -0.4822451397559633 0.3130106038486587 0.3656525701930989 0.1266584064339859 0.3072265959663323 -0.7365527214346539 -0.4711752412394069 -0.7271476917188764 -0.9994497329277713 -0.1000033465315201 0.06558840765768191 -0.6052251560425326 -1.224519972054606 0.5015721670870869 0.437526027204136 -1.003193326688598 0.6202562749396582 -0.06129708495563967 -0.9478570393122774 0.08527615149309552 0.190595963847234 -0.8301241074440249 0.4943613812462546 0.4343849382184476 -0.3031247318281012 0.3615368177509142 0.6167250824907803 0.154070228673284 -0.4455332462771624 -0.06248565594395545 0.05217200722304888 -0.7853457080169977 -1.222321402014343 -0.5354424737720102 0.5313705285585774 -0.5316467576069139 0.8724021612876056 -0.3510371004025941 -1.111775841632658 -0.3862831869691193 -0.6451294403839737 0.3508101440476127 0.008933397502897747 -0.275106485539908 0.1511813064880634 0.5094671924843666 -0.3499050622915046 0.6596522265631137 -0.09742081084399071 -0.06730978501933324 0.0296162317405369 -0.3919556181941722 -0.1151931423024181 -0.7298943654631582 -0.07536905330169391 -0.2249014315218195 0.08686736049182002 0.7475068126766192 0.3888997212267183 0.1656508812141339 -0.3139786631882802 0.5160568056206843 -0.4438185195831184 -0.419434931506749 0.7882995599834227 0.5982964256021389 -0.7742158329060953 0.618232302788569 -0.2963463404563025 -0.02180068436055604 0.002026200110373102 -0.09344284597120867 -0.2416660265623717 -0.9449429656430132 -0.4227290019577664 0.5933435960394495 -0.3333819409220283 0.1301480993733967 -0.1961716193596566 -0.4484429199241794 -0.8913464946608373 -0.1851130072989858 0.7164266185344846 0.3964513024328701 0.2762363123198817 0.7722315693811513 0.3138130006490741 0.1954476811181735 -0.247749376616365 0.005856211211915201 -0.001665913044676015 0.012430211184893 -0.1438770737040821 -0.8837573683545785 -0.908525063862708 -0.5635179363760856 -0.5170046898161311 -0.3867632322521106 -1.063075394555519 -0.3915988515663658 -1.237878188421612 -1.155897331598323 1.16794593758373 0.343340075901144 0.0595258414912208 0.8752502602411851 0.6066453382677051 0.0524490834158349 -0.1175410948757756 0.005364114941644868 -0.0004684731533772372 0.0100406308429056 -0.01871868768330886 -0.02129772550777623 -0.4850075106570135 -1.210294369535324 -1.128065696721755 0.2673858906298761 0.5009628553151337 0.3930038058232756 -0.6948509535494285 -0.02828272237715958 0.9023666963749778 0.3046815733154487 0.3055636060640902 0.3336246686736121 0.07922177507126309 -0.07320918359846608 -0.01770246706923531 0.001477874677522428 2.288731935596987e-05 -0.0004869576399444323 -0.004357715669886564 0.07443629858171781 -0.02250122307156972 -0.390729199861566 -0.4243809629279205 -0.0295135095842334 0.594722033454513 0.4174748761241555 0.2494734071809961 1.459568118762615 1.054114180353508 0.5177889054953685 0.2211516205133279 0.06092546113321439 0.02615344808052875 0.006419627523435702 0.00103970726459867 -9.249677996979307e-05 0 3.600752299670101e-06 0.0006708221680758793 -0.0058856183271183 -0.02122700621306396 0.005745137973075116 0.01787496432787336 -0.0107291272822336 0.01965030033926878 0.06825040181409611 0.1422688392706124 0.3157286355532811 0.2503413817707825 -0.01520317965982768 0.02420687376068502 0.006721809428292095 0.01202127504972527 0.00336166730478352 -0.0003803248642065062 0
 -4.969354246997371 0 0 -7.221216089423405e-06 -9.139717882777664e-05 0.002742792025324308 0.01124404402159763 -0.01629205047449098 -0.005970824416252797 -0.001747034745895768 -0.01133101041678534 -0.003513193407395023 -0.002944405899468147 -0.01155572611462776 0.01387689948779206 0.02352434530018365 -0.001957919303388024 -0.000655233570668971 -1.288555634102529e-05 6.564612051820281e-06 0 -5.744639634235234e-08 3.584331770153472e-06 0.0003754351549766822 -0.003195059294397526 -0.01092451150778919 -0.03894341683912477 -0.09469612054333194 -0.07117281047025292 -0.06388510882970276 -0.06874741338503129 -0.04018536339682567 0.04151267327084616 0.1122306568554877 -0.192714497448909 -0.2857071223002084 0.01160192077414939 -0.01161635678535884 -0.02879743027065866 -0.004090254537309629 0.0005168415476743585 4.798810957135276e-07 -0.0001046634835069032 -0.00592472724024271 0.05238051973727173 0.3250512329121359 0.6982785574544494 0.6135266876153642 0.2691536417151893 -0.1016744348434472 -0.07652066629279025 -0.136961129936075 -0.167433214637081 0.3575335120632826 0.6926513296279215 0.3641069995719131 0.243397068566774 0.3538334238703592 0.5576016635944817 0.02715426004948125 -0.004105452359019103 1.856937181408764e-06 0.0006949922405537704 -0.02390483955236716 0.1044621075747554 0.5440047396962049 0.4126155626034543 0.3827096359106817 -0.09162498953811773 -0.6067918434033971 -0.5117657455984367 -0.5265479016811095 -0.2540943877591048 0.7955429031030719 1.540653451072157 1.443582870024778 0.2826649600628054 0.6933740519987326 1.224642913760416 0.1831940516119377 -0.02490896071112949 1.918286737238398e-06 -0.003089826819276544 -0.02197053932273707 0.308494926911274 0.6570639818731261 0.06534884786755595 0.5448579132829314 0.5346846382590301 -1.042864951820996 -1.138478070078312 -1.028647710290639 -1.006288343977291 -0.2690448329057444 -0.05141514558439507 1.028225912431219 0.02719342675877402 0.3208562308545355 1.149727540841929 0.1214527525319746 -0.04885768337591842 3.356404149371998e-05 -0.009556435372733785 -0.05332977115340463 0.4909004839984528 0.4245404225851911 -0.2496326690809454 -0.08550737361841018 -0.1878455165640987 -1.174042814720494 -0.5015172163532934 -0.9610525961436582 -1.503827676770846 -0.5247434192198833 -0.2156060996783649 0.4151601117626119 -0.6077793545251349 0.01031439739847291 1.80908078976894 0.1858475704139791 -0.09721179316801233 8.422693909695187e-05 -0.00683730713714644 -0.1120948198826039 -0.259088128855579 -0.09777839573630878 -0.2249236014036124 -0.5489559186287 -0.7632997660353901 -0.8443444439482953 -0.3759000677256681 0.49324798175889 -0.8106437140613473 -0.6785540393401114 -0.2907905862934418 0.2652559481511685 0.1230606787837972 0.1136018684922061 0.5380901970497345 0.1513053281754145 -0.1138334622744731 0.000178336892526739 -0.006521517580847597 -0.02402113019762218 -0.08622688168891339 0.850586609897242 -0.1079548899520392 -0.3000757997133349 -1.269897504080672 -0.6311030735723261 -0.5148273138956279 0.1015721999990597 -0.3032326207368882 -1.997826611635294 -1.153569384188206 -0.6835586203069175 -0.2395361640661577 0.4732086998531549 -0.0994667708115731 0.2717399680427584 -0.09425595042660539 0.001094705397973795 -0.01170568311433179 0.0965447228978414 -0.004912408960921742 0.5045417377436523 -0.2413429701288631 -0.4673392943288662 -1.406531510172565 0.1752061333136534 0.0677099295053948 0.2682068711942682 0.4031946772657437 -1.491500656918889 -0.5718872091735713 -0.5098971333903976 -0.2557048943680289 0.2390409008282607 0.1169959536328507 0.108850798802283 -0.2123825155885522 0.002074822068891933 -0.04393538666275192 0.5008632903811201 0.4244295498851698 0.1767797154573117 0.3418968641867814 0.5190705322752368 -0.7344055296846913 0.5806653400613219 0.4426111005811392 0.2364311310818667 0.3451409410658561 -1.285432030256468 -0.6867778373633429 0.05962259246275659 -0.133589496091491 -0.09156756406042818 0.5816142859019774 0.212520156733791 -0.3724186280250344 0.001877843361094826 -0.03912059523517586 0.1092806650041259 -0.184682857346601 -0.4235439511428925 0.5826019398307263 -0.4679100834170475 0.2474678293514664 1.070646110213093 0.2201013596724946 0.03770908281063299 -0.2238198994795246 -1.604637269129753 -0.9825984566611347 0.1109350002465947 0.02423445288337806 0.1325194157193038 0.03734165629190449 -0.6194144761113242 -0.3492740059634754 0.002788941117105953 -0.06541718710203415 0.3470382726327026 0.6193994980556967 0.2940291850572535 -0.172653635697456 0.7904874582225452 1.344415915811078 -0.1832919747454475 0.8051166235144793 0.2292587042134611 0.03937761449005914 0.5810706471406337 0.5918832390124286 0.2172006302520572 0.3264117567478252 0.1880865061792196 -0.3808070624797867 -0.9465313249740662 -0.2501808398806538 0.003400872514383775 -0.05260776439189595 0.8326429631791975 -0.1576967785137356 -0.2133724058017837 0.4590120596996221 0.0575669118777127 0.3180585290432942 0.6597291245088061 0.9515966490547662 -0.56439588356532 -0.357603859309207 0.2513310682643339 -0.008690772787472038 -0.2606996110117253 0.5823324402978011 0.1897361918204989 -0.6119677609152679 -0.7446926233911646 -0.1114350152766419 0.001999688905760089 -0.03405096436674793 0.5880222855429718 -0.06991975911535221 -0.2684447026410379 0.6712359689647269 -0.3955643181447992 0.2268276342351186 0.8045314675886656 -0.5114490582435383 -0.4258925974997145 0.1948890687437304 1.45917682477659 0.4481721487937972 -0.1125834859910282 0.1216597854991982 0.1729626611216919 0.1118448106131038 0.08612481906927916 0.04186384656333934 -0.0002555665824321831 -0.005700455627022458 0.1670168275565162 -0.944862667612952 -0.4381761830822216 0.4224829987656223 0.5957488814076335 0.4335820595707278 -0.132999894243128 -0.5168896338881283 0.01517642494963741 -0.1003462496240786 0.160927552642571 -0.1342580820917411 0.2912790221467479 0.5610931138580454 0.3174438882563629 -0.316162455344957 0.1631327854436995 0.1342560049076714 -0.0002413272364405655 0.01214245586776684 -0.09422916249881791 -0.9086216530897163 -0.8363956598337534 -0.7691886857062512 0.5422157991300174 0.445148425806958 -0.7232331348063241 -0.9383078644340591 -0.2019126982828007 0.3269751382929287 0.8892969152989491 0.5198029554509992 0.7541279205394321 0.7008402586402068 -0.2399994883394364 -0.06037477526840419 0.1848361404580792 0.00999883101705288 1.362339565608635e-05 0.007899356003293046 -0.08073303786548197 -0.3943280751775234 -0.5225715635817414 -0.6050503282210772 -0.4301264088208698 0.006703032348201932 -0.3549110983746351 -0.7340516978260275 -0.05191260743881738 0.6178218030189564 0.1941674564719033 -0.8595407960578678 -0.8065016265860304 -0.3312761501031907 -0.2407779420934195 0.0133519218394761 0.07337047072078171 -0.0113547902018973 1.552301938616666e-05 0.0008599311866706582 0.0003848578252839072 -0.08304887386198809 -0.6440431287740995 -1.319379462848921 -1.225687061127018 -0.4349361458183937 -0.15074798939373 -0.1809306712843494 -0.03384334707410729 0.2064087369178336 -0.2932038192320915 -0.6531423919215033 -0.5373177731977993 -0.4001616153543615 -0.04720805781852969 -0.04638863555801934 -0.009721094685343663 0.0007960244654102627 -5.584957267560421e-07 -3.163998722407169e-05 0.001473913668252073 -0.001123123077782663 -0.1056723166929395 -0.3786319505836077 -0.2949608790138052 -0.08405403452271309 -0.01586173985372195 0.009146853849771838 0.006998615844976274 -0.02437900139198361 -0.06055475469123539 -0.03039415788515913 -0.07224748306806507 -0.02372435375116875 0.001401297710882227 0.002243554026633068 9.686242092152425e-05 2.233517531375265e-05 0 -4.58096302191878e-06 2.358446027771477e-05 -6.763599320365269e-05 0.004976813924679423 0.02732184815104537 0.01651160170418048 0.005075476064199891 0.001428140302835153 -0.0009577499062876793 0.007878570198184132 0.01351413136734221 0.0005266125869077133 -0.007628887778758259 -0.003164345393460602 -0.002830582020123137 0.0004273711692151269 -2.975966740430162e-05 2.746546910176876e-07 0
 -2.407567828339241 0 0 -4.475704178745258e-06 -1.208054042929306e-05 0.001106381880068561 -0.001131786837324679 0.0007584157873354188 0.04337835029976886 0.03182204037593588 0.05112039921663487 0.01534199728054425 -0.00205053322866627 0.003677691358527764 0.02314781051316309 0.009157171029390569 -0.0001021169878239204 0.0001878437813280897 2.625160041122956e-05 -4.177537977932872e-06 0 -1.628708104255926e-07 7.550525920200628e-05 -6.783917209928243e-05 -0.006256626640282376 -0.03277802802310916 -0.00617641328923476 -0.09283487496217477 -0.5654554581501953 -0.2240745967012561 -0.06280349866470997 0.03579316620190527 0.03669748726496799 0.02325667571136877 -0.2155501876742653 -0.09357866045424434 0.006520077674149736 6.967899640930162e-05 0.0008451132973410449 0.0004046078429779039 0.0001400442507980101 -9.76212243417499e-06 -0.0009487993480326652 0.007341266547747706 0.06905460271573691 0.1773700685762511 0.01171020103428542 -0.1618324419636624 -1.407844963687547 -1.340204564438394 -0.3288268476255856 0.2041386703179315 -0.6787641495620392 -1.205153695036507 -1.0276434556981 -0.2532157344004644 -0.02750513030428955 -0.02604797963233708 -0.02012930730629871 0.003908397593774574 0.0003293140307871555 7.165012115380541e-05 8.575201750465342e-05 -0.04697541324436026 0.1183773661061173 0.7888228288421663 0.2210797530841958 0.7353565078910838 -0.33385757658013 -0.1483592386610175 0.7800687225020453 0.8012127990858536 -0.6164215838476457 -1.920325564324 -1.202117174593747 -0.6730231375832968 -0.5581452234041369 -0.2275328025489224 -0.1230545653249343 -0.03703944153779566 -0.01314240402531171 0.0008156999963825675 0.005348975946873239 -0.1735375225262009 -0.5704579997751764 0.001156777159104718 -0.4000124521959219 -0.05071775464895913 -0.8185252037695324 -0.9207757427897403 -0.1217453547585646 1.568972587166562 -0.2742193796741281 -0.9420091162154657 1.500579505612567 -0.09215553965477831 -1.884737471247063 -0.9268207283445991 0.3224535037165727 -0.6540880208641523 -0.1499330178959802 -0.0001017708802482306 -0.009628867193353523 -0.08409867815358424 -0.6244625112516827 -0.2924240463561688 -0.4009524165190738 0.4893751492633772 -0.3279691914320061 0.09542244048187373 0.7386676975527378 0.9410382267977755 0.4886233577070998 1.302507079650962 -1.323386072131216 -1.114919273722141 -1.617154138274042 -0.2386551774181166 -0.5862185082203147 -1.468428218461723 -0.3351015059156992 0.001130574711567682 -0.04163693601530213 -0.3524352556739473 -0.3120839756424005 0.3498083149326784 -0.0467612492015648 -1.18413825936275 -0.7247402797656615 0.655276491900334 1.220135654118214 0.3726747324690518 0.7824802158032396 1.828939566974812 -0.9608851831615575 -0.8971920691831123 -0.9671814828346055 0.3392183938906297 0.2796660120870642 -0.8213840110463717 -0.1815057233392739 -0.003962587420929469 -0.626800402582691 -1.546575327152654 0.01165213893042426 0.04761272991463207 -0.2051272494724057 -0.04083675388596835 -0.1461171334187608 0.1957331705786719 1.548835100422531 -0.4318980028156265 0.1467692976337233 -1.055879584521862 -0.9937419892605556 -0.9892329368720472 -0.6467739645332307 -0.522763871459994 -0.7045409377290391 -1.838042827021761 -0.1347034752072016 -0.05301452988969438 -0.7508308162339625 -1.387190895914311 -0.4204863194103805 -0.6027998616719901 -0.8672412590407805 -0.6898696557475564 -0.2189781970182003 0.7634089074005421 2.007006374906485 1.948212515900042 1.206975073867058 -0.5864697451786491 -0.3892402830348164 -0.7290297340284814 -1.709480778059868 -0.3779371644566463 -0.5328622383777467 -2.167705711779784 -0.1663039571630349 -0.07300952304902664 -0.7981305671239125 -2.550146067005657 -1.427007751305446 -0.8340815793124433 -1.569228732981707 -0.5757450733039137 -0.7216552780051908 0.03045675593644557 -0.3397956332802872 -0.1253549845186166 0.04609420877419876 1.216943028747917 1.995497833350815 -1.102180075063253 -0.7610628575853362 -0.2397800217345827 -0.7918588593070937 -2.354348868602632 -0.3930219783979284 -0.06077112962360762 -1.332169501304314 -2.899925115875534 -0.3888194076848045 -0.6508200865509726 -1.715304661988403 -1.403963416100418 -2.681807514401827 -0.9850431825111562 -0.5925119876414052 -0.7629787253406756 0.4323794732216305 0.04105984467227682 0.7146688328622346 0.2629266074892671 -0.4673697140635397 -0.4304824278131516 -0.008669341062093553 -1.087188159912751 -0.8177869333061256 -0.2296268541829528 -0.9909839925799938 -1.978281852978421 0.4316448190848595 -0.1003374110126493 -2.173246365684351 0.8342757473094046 -0.06602617430685062 1.340080092286181 -0.02391632029774446 0.6687098587753234 2.008594991894296 0.9633254961154508 0.824918841705816 0.7744444286550402 -1.31818662994167 -0.1905107542070143 -0.9524383782281332 -1.323426985124491 -0.4457088101760295 -0.05145949912326272 -1.162026537976454 -2.901037621129348 0.1737911320752103 -0.1958255378804585 -1.008196622049388 -0.7003829646869649 -0.2688416189265637 -0.01300646588641734 1.211652887324391 0.005410772773100042 -0.04206491161382743 0.5017656613480013 -1.272109373656943 -0.10918558827225 0.4327295314983963 1.502945027232977 -0.662412180831667 -2.464779085091644 -0.3725912026823483 0.0004211751426765936 -0.5708580005294407 -1.475690542887724 -1.106560741097299 -0.9882924518707646 0.4772878932807216 -0.368977174044373 -0.04995624258711755 -0.2939685729766424 0.934115358251814 0.8823575069535656 0.7086206165727984 0.3364988532577388 -0.358098162107657 -1.098342709326755 0.1184836984315142 0.7515768694970103 -1.303325281307775 -1.33416871520862 -0.09299012672451516 0.02655750668101186 -0.3577936189579042 -0.3866171924638167 1.050115233362084 0.5902820183647259 -0.4242028085902073 -0.5127373858294549 -0.4393008698000519 -1.117212311969918 0.8683444612387564 -0.09515322973121368 0.07210333449932511 0.3441424523917289 0.6499935572876774 -0.2402707872649053 0.3591600656193347 0.08421636829567031 -1.400612585928404 -0.9059878315804073 -0.09812893959985297 0.02513396673947307 -0.3436453400573736 -0.01815746037256748 0.9130006878942629 0.416843390693041 1.13638447851324 -0.4806979881160413 0.4614560867771708 0.3820646210130845 0.1324637501506666 0.2120752132854126 -0.3304952159803302 -1.37902817458462 -1.474026943087553 -0.1762379621720871 0.8333320307241299 0.6144433030071598 -1.093191520531396 -1.273692149226282 -0.5145687546352077 0.005461870365173127 -0.07595453354765928 0.02857193385785377 0.3742018329080244 1.347893597932983 0.3161646849333544 -1.202053720481529 0.1538378257397491 -0.8526940202655263 -1.104213075556498 0.07211968368391099 0.7650857258308703 0.5346077176647923 -1.741195149206918 -0.7119762460442063 0.546805518434152 0.5056632572023187 -0.09273775281800481 0.01457803556181513 -0.1743332140969447 -0.0006709450871754922 0.01141672024738998 -0.00829588044215732 -0.2396353762129293 -0.3785751786077515 -0.08229009490245999 -1.435328140993527 -0.608015712268673 -0.6027821935120583 -0.7680727240891817 -1.651081417171344 -1.023502648558326 -0.01110659728165921 -0.9753637620828518 -0.6072351964645478 -0.2816441065932684 0.1698615177964978 0.2024204049886653 0.1693435342601661 -0.002205352836695042 -1.345679449715464e-06 0.0006617139145914218 -0.0007637481859104196 -0.05880009957471312 -0.2185583811287565 0.5716384009452826 0.3866924618201219 0.109546337331926 -0.578028539405244 -0.7198964678250607 -0.494134265540601 -1.160441467667884 -0.8811678169743843 -0.1723019980963585 -0.03462231094093834 0.0250972288435078 0.007327296862528749 -0.007682588582494853 -0.007937306537940838 0.001380644188252872 0 -6.216661245282408e-05 0.001629807395778856 0.002489287571608904 -0.1871125815036457 -0.1622546324181823 -0.1887090561335512 -0.02177642312327501 -0.06904939837824239 -0.1012973771498165 -0.0550220652108123 -0.1613517055902144 -0.2085306556644127 -0.007475218158666534 0.006239085590000603 -0.002742951069941334 -0.00177900071309976 0.0001400423377249243 4.429211660328681e-06 0
 0.4353943238313061 0 0 -9.317223329518797e-07 6.036147325836238e-05 -0.0006068906659998255 -0.005583895846125059 -0.00282183365671174 -0.0128160583462856 -0.007229147994122743 -0.001090199379131288 7.538678735736721e-05 0.001383778922225761 0.006457560369651814 -0.02912739583372935 -0.04600031940675136 4.626589263696231e-05 0.0007103044790873583 3.309592722289929e-06 -4.536493232596739e-06 0 -2.444998050089269e-07 -8.355576979820369e-06 -0.0005049509192297122 0.005297932459165962 0.01646090584715892 0.02114510342888295 -0.00320927748980855 -0.06353087115986029 -0.03910029424602884 -0.02007168814257255 0.003045693446127797 -0.01175646590743622 -0.07219458019963071 0.3176528312174183 0.5085787628724776 -0.001472933855336611 -0.008665405467233493 -0.002947185408467973 0.0001949226936313934 2.073270706623678e-05 2.133774575215561e-06 -2.818395560917712e-05 0.007575742182944859 -0.05542763253659262 -0.267376379365131 -0.5659084367819861 -0.6927961167321152 -0.2205085100659144 -0.1029138716847157 0.005261780019829107 0.007269246156552179 -0.04554106515454995 -0.147748593681661 0.6113435261071598 0.9830467110378011 -0.2516005970870199 -0.1592569234415783 0.003926556406939199 0.001979467654761555 0.0001868673898668775 8.190025065797419e-06 0.0009627675968112523 0.02714835697057006 -0.3400880703609575 -0.9515743901261214 -1.283564148394547 -0.8064559237910075 -0.2542259521767639 -0.1223996863854367 -0.4159476948982504 -0.5602131696902545 -0.2103675357924154 0.04692633988351431 -0.06926483423906128 -0.1437257484657667 0.1204344320476513 -0.01565332266359531 0.253477925410979 -0.01785476950648344 -0.004820168994929758 -3.291349858012635e-06 0.005364528748898458 0.02876497701354444 -0.8905805068832896 -1.803765465383756 -1.048435000038535 -0.1720071106780058 0.1163668553657266 0.5107253819066706 0.2935610577746111 -0.7811039246057357 -1.25747908108461 0.7411461518495296 0.8752735046949972 -0.9033322802652971 0.1638357360549553 0.241525888916708 -0.07285674312192186 -0.09983898730556263 -0.003142320924667239 -9.912872917151054e-05 0.01078397500910501 -0.05699741126508839 -0.89280868159604 -0.8816320541006196 -0.8292590975752241 -0.7591870452573498 0.1426907647248434 0.9678248804653361 1.050760837296386 -0.7541743315825112 -2.430516028979195 0.2490273921770522 1.280414578625281 0.7397398759548747 0.4082066411910331 0.4695437626204837 -0.8133308023489048 -0.5440083895016564 -0.0239376745140743 0.001552921635305878 -0.008277686245629218 -0.2086813785005136 -0.5726516416983908 0.7201826975068157 0.710278826961928 0.6543955495542791 0.4922975030323132 0.06584077798061717 0.1720742875860668 0.3661315979329007 0.03146712582549477 -2.448829660882114 -1.121887291307146 1.257220474665034 0.1500836598717962 -0.07554854280909763 0.1025054451560566 -0.5206710994662849 -0.121056305666992 0.001751460866438833 -0.02189727867359191 -0.3957768576873064 -0.9841221896231843 -0.1819070104266163 -0.220777169671238 -0.7218514642453743 1.121336541326666 0.4897940158870291 0.06997214756552995 0.5548377033186417 1.221890383067155 -1.379077944794914 -0.742364287707451 1.022623012824605 -0.09728536582565346 -0.06326539376170044 0.4173014868401367 -0.5349714828588762 -0.1351976067660278 0.002621623790844939 -0.07974164695774383 -0.04170192318495721 -0.3792940563754376 0.3037651791931384 0.7258530542067785 1.054367035742796 0.7622543413836032 0.5964333927528888 1.045498801978686 0.08249154808619913 -0.1148898786291852 -0.9487349059169933 -0.2708652526686084 -0.05999452187289895 0.744641898209263 0.7189683294009011 0.3378566314998196 -0.4636749752151128 -0.1394084617420761 0.01363216085934948 -0.2012075247568106 0.05764584820862758 -0.6166989544045849 -0.4733675339188775 0.2124539349887132 -1.118918681565642 0.7796280900554127 0.2817124618836487 0.9854814423912498 -0.1468233265146414 -0.1344758129601361 -1.705890743087577 -0.02018940871191987 0.004987636875149594 0.1342234828929965 -0.2483916064623161 -0.2045061543844966 0.03185419780306102 -0.2112388462092761 0.02595144114099254 -0.394717080205655 -0.6707398912779565 -0.4340551910295163 -0.04399339179250139 -0.1018570015548436 -0.6061910903300936 0.3515286799997887 -0.7823332475536896 -0.2932320238625193 -0.7108894683565435 0.1163492145283703 -0.9669085049998902 0.662596399032743 -0.9649482746678547 0.1354558555220659 0.3955883632684164 0.5081299955706453 -0.2767360376921139 -0.2356507264804872 0.02975580899050823 -0.4129028967562718 -1.143261869424951 -0.6200761411461722 -0.2285504124592975 -0.6125910319161346 -0.6409399489148961 -1.249257999288502 0.2592569032082259 -1.414796727860264 -0.3186500159229478 -1.555710393151925 0.5449742252019273 -0.3280141025965394 -0.9371033141205947 0.07156246883347185 -0.1421910575473313 0.005030030190913809 -0.3971105066568223 -0.1686949802329726 0.03339984607188404 -0.3818071482852484 -1.44650826560058 0.6140328878596882 -0.3150649807596929 -0.5690260082641974 0.2834017599551034 -1.989724126338199 -0.3569359447889814 -0.7302953674355942 -0.1103198306478377 -0.7535131757575685 0.6696814527090298 0.01304474460171772 0.4988014080976919 -0.4851450492724141 -0.17312657585157 -0.2749884116254274 -0.4098673659682206 -0.188332385730231 0.01900920565615928 -0.2188715196953185 -1.142281502823949 -0.235286052901993 0.02956687670611944 -0.4600177597898518 0.2721182930503523 -1.362957841162866 -1.415680404737359 -0.2604389963929101 -0.1506435614640545 -0.03043939097462701 -0.9277817848140528 0.5244853105206198 -0.4995007929566139 0.03055548292890574 0.005022623941502581 -0.4540378294302304 -0.6777676432781696 -0.241220916543134 0.01408985654530868 -0.2369787871415821 -0.373852902987954 0.1099085711422163 0.2518400666408812 0.8465131028787877 0.1581431992378137 -1.949533450526294 -2.419949038401277 0.7556009234334675 -0.3751720628078808 0.2988636477746736 -0.03325772516571412 0.1635986611997172 0.3457217393903489 0.4567052008483113 -0.05948521185496929 -0.1244667321676381 -0.7667681765854228 -0.1611293733223185 0.01938083401359586 -0.2488901350664464 -0.2795189776345123 0.5947616427022593 0.306145237567759 0.3806872430960552 0.9183534808952275 -1.074765758721542 -3.139616996875782 -0.1181844371924332 -0.2183929622278594 -0.3126338398804943 0.3669603935455893 0.1932813556439051 -0.3818480150058564 0.2462129799566445 0.4413894332989449 -0.3726255038353452 -0.7788609264245568 -0.4847994945376071 0.003740013654421475 -0.03952481483246865 -0.0939120317871916 0.2652994094442923 0.3203016513339772 0.3738429868656598 0.5462032147887741 -0.9550163032557041 -4.071434939884714 -3.278502827992204 -1.167108036312521 -0.6131320081843579 -0.04426776309211062 0.5012296807960291 1.087242142106396 1.353109462528119 0.5874190691478112 -0.1082655309036435 -0.1099322981405287 -0.1138173488162919 -0.0004569244610741396 -0.0006814001608974574 0.1487984525976694 0.3555599749470487 0.8099757353265987 1.844422763563791 3.494361965864553 1.490552453755814 -1.547454138557412 -1.900677623270472 -0.05992610568676424 0.9090521443775453 0.9452330901649003 0.6238417308654416 0.6245384048179184 0.5308427647654581 0.07911146645093647 -0.05307536719192809 -0.002063920619621886 0.01563795006026049 -1.62768927629758e-06 -0.005277836282918647 0.003538482608418938 0.5242633101001131 0.8963370466152853 0.8533806518784968 2.379736144189629 2.625757167344671 0.861355030442125 -0.02962995247362931 -0.2027335529807431 -0.1699984354315044 -0.04277515062965864 -0.00682569905394369 -0.3477624274541355 -0.2145555613721026 -0.03032804450782905 0.006391941609001492 0.0009802533830208337 -5.997354820023179e-05 0 0.0004544978149038171 -0.006096561964625778 0.00391027269238917 0.03784106237828917 -0.1504239853822661 0.06578969567956888 0.1587293446992108 0.1039359580085451 -0.006399225169632039 -0.01209908799367189 -0.08413874288957815 -0.1055911452411997 -0.02137042972744418 -0.05811681670525769 -0.009966121523461885 0.003329004655932928 -0.0002628040111989759 -1.348731558906453e-07 0
 -3.831409098693403 0 0 -1.548499839906508e-06 2.499329763549668e-05 -0.0001433684001860031 -0.0003087835878596313 -0.001671973299237135 -0.001222946715583183 -0.0002499508924751383 -0.0005197543368927405 -0.0001721413343318558 9.742794041799561e-05 0.0001084391832373607 0.0004060686179050785 0.0005972392892136625 0.0001439190896221863 2.827053006377239e-05 6.710652879494898e-07 -3.792287649323804e-07 0 1.335578353237839e-06 -1.660766079820808e-05 -1.748413690558292e-05 -0.0003057754001369427 0.009708325363582841 0.01269240289771973 0.00106535578142326 0.00403847969457564 0.01303186400979385 0.009451326101512407 0.01150466950858409 0.002199691255739187 0.01534842963255256 0.007493429917362882 0.0007671877080848707 0.001597279567459001 0.0006991904276296647 0.0001579751428427607 3.614936884188153e-05 1.667053617305623e-05 -9.562115112540745e-06 0.0001742152120079086 -0.001437418838477779 0.01344234334936393 -0.09276702018802724 -0.4677902273017663 -0.229258752525232 -0.4165245209905701 -0.7218926162878146 -0.5982231040068295 -0.30351463847724 -0.116746336955548 -0.1747107841370423 -0.1341993670555275 -0.0941412053230256 -0.001983293788878984 -0.001004539919281353 -0.001600964859284566 -0.000102138201740274 -0.00015879803403114 -9.618940418272426e-05 -8.799800907818294e-05 0.02179704837507253 -0.07299567422608069 -0.7528309575020187 -0.5836241385006031 -0.1763104322390458 -0.5858393969616567 -0.2882243555411743 0.9440206437545359 0.7938174177343137 0.3679503145227944 -0.4678592488139902 -0.387406734323268 -0.2967087874919752 -0.4472142180278894 -0.1057015502447265 0.006563631549221551 -0.002427003945001378 -0.0009645131468439912 -0.003420603563078739 -0.01912200016660645 -0.09948120147219028 -0.08814072896366834 -0.2944575325869389 -0.01483343851968184 -0.1325879223209134 -0.08907723932838997 1.055517032186411 0.7405107644374701 1.122567332693882 0.6742402612535129 -0.4534499848585042 -1.277068304508124 -0.7103247045216856 -1.383634938877718 -0.9086200364097369 -0.3544862854462321 -0.01229017597948313 -0.002572059696487606 0.0274549696111211 0.156495643598533 0.3313174473825625 -0.01007247100236587 -0.8988852875148226 -2.077197458077879 -0.9883063272654488 -0.2270066358131116 -0.9103625982034379 -0.07047888780518445 1.251426098507209 -2.233656398144526 0.5935694571435151 -0.7267398036534534 -2.013292441456213 1.019926508318447 -0.9552756943482914 -0.8911785480257525 -0.02319756747682695 -0.008891715182451408 0.1597054092045844 1.279901655007246 1.046833893062026 -0.2863336887687421 -0.2621214377904237 -0.8345781295404731 -0.3015997712331596 0.7749916728583984 1.328950654652727 0.6430684381658625 0.8859640036397577 0.654750673708215 2.212083612017919 1.485184426981463 0.1923001392952492 2.08643919205585 -0.1308520190940465 -1.258089451527292 -0.07948823438594656 -0.01347362111117075 0.1371257358848617 0.9429710442003257 0.2227795848943465 -0.2186176391249906 -0.2182816882066667 -0.6908457945673329 -1.52275623522932 -0.1313528463486446 -0.2322372934891387 0.2742465313545624 0.7749798076548886 -0.1172155886596819 0.4543290465802693 1.243120219721357 0.402530067917571 0.9498350363930977 -0.2277052267208842 -1.915879630144777 -0.0890028464401897 -0.01683051348566301 0.02217179592865242 0.0521660553099416 -0.7887144307790375 -2.002466031212949 -0.1342566331322826 -0.2062224685062942 -0.6870724653374618 -1.197988977310199 0.05357592306516567 0.5913745606758785 0.4124532723352482 0.6087572990671979 2.104180473425153 1.296345936220456 1.006584388826002 0.7947993087701577 -1.070645388542128 -1.928610467805165 -0.09217320713359765 -0.02128647827128992 0.006315228363453298 0.396231947050364 0.3918021872782312 -2.25125776188688 -0.1281442684015722 -1.395407074158874 -0.1047160979560472 -0.237282049893009 1.279266218813238 -0.4421392019160125 -0.1807214193474835 -1.14994153506249 0.08878875348563649 0.8057933078274022 1.029110761617551 1.542559498048985 0.1748138941924247 -2.42533529118537 -0.3408349465198726 -0.01131541451158349 0.01120219465512553 0.6299127318031154 0.9884606251057491 -1.238647775310836 -0.2670498284969137 -0.1820749229844753 -0.902481481576956 -1.33315972372214 -0.2323155542849225 -0.3377776710504135 2.524005646622423 0.2698976499332306 0.09633300208813073 0.8036220772946614 0.6209889425360904 0.340158836569594 0.2636112100132368 -2.876400503855498 -0.5658256668344194 -0.02400211301373777 -0.01450152608996682 -0.13677169899959 0.4594420539961469 -1.031950531207587 -0.8729073182971254 -0.8150075563165639 -0.7597697627709133 -2.316666227771726 -0.5434331756355478 -0.4752766228709836 -0.7082287432926483 -0.1213908396233772 -1.382197164321237 0.9985184542895734 0.8680411403726697 1.567877909712131 0.3053211956991613 -1.630848759391295 -0.284614777445357 -0.02177338428929369 -0.04480650329595642 0.338541597692451 0.4071306401227491 -1.659851903937646 -0.1931313217300316 -0.3053986394753176 -2.418589293619873 -1.67549772943101 0.3946103292579567 -0.155361323508638 -0.129646626001986 0.4082568542790901 -0.08075042343902313 1.223577979565317 -0.4364857772250523 0.7535383928479443 -1.215825688065395 -1.189871758796305 -0.1828884821323273 -0.009041847908579943 -0.0754548002093295 1.164569483913012 1.19341038893541 -0.8886426196438602 1.033428522951753 -2.340091524856793 -2.903542815113303 -0.382026599644915 -0.7839263880052227 -0.8081012952258159 -0.6597276247790627 -0.05065041391354698 -0.02083254112978768 0.2592467191367381 -0.03404650615791103 2.317968048075407 -0.2215303986853947 -0.983726408318519 -0.1803875333510534 0.0008165591633663648 0.0372296481337421 0.7356766205315114 0.9720532883991567 1.425659810931843 -0.9776703995557977 -3.069184987648367 -0.0686954358938771 0.1630866411917469 -1.746477232950986 0.4530619569309199 1.106649009477479 -1.315869951693882 1.368969439484195 -0.5112511295772666 0.1054394781346967 0.3301737782306558 -0.6476318989092328 -0.5959829466685077 -0.1228919571536692 -0.009172212906030795 0.005413936949734043 0.3264871958811119 -1.397772159120712 -0.06845545264963901 -0.9004696466642806 -0.9081323804873918 -1.495973891960337 -2.145138117998249 0.6089910229630912 -0.02008823443922058 1.731099681628727 0.147961482566634 -1.105068470613763 -1.171863680520514 0.4072354235896823 -1.799260151343115 -0.9942393750036477 -0.2130403026010801 -0.09409011780925121 -0.094030872933905 -0.006339040335270726 0.09144784588227714 -2.012953174801706 -0.715509370418734 0.6316551189348744 -0.8846518081305124 -1.279903569336485 -1.561800899420074 0.419639864347574 0.01928350032570507 1.084028411625177 1.140214918014479 0.5578810326037509 0.3311237095370699 -0.04120234003448413 -1.527009782187412 -0.7062930818306892 -0.09357980997617306 -0.000894613017182244 -0.02354759824717389 0.0006731464807385668 0.03176860019132755 -1.501177596251272 -1.38344477807341 0.285979614293025 -1.445148404524517 -2.970884756441293 -1.10502788809913 1.069375923950985 1.517279109439793 0.8254325458663723 -0.8083443270004782 -1.584091304712138 -0.6015197798135039 -0.9955616882997405 -0.9313096459950425 -0.3698673205202053 0.00828055093669517 0.001261596283733393 0.003025775553666502 -2.597814091056343e-06 0.001261413149021232 0.000540437416062026 0.122943957561909 0.8348875629078416 -0.3456065201921985 -0.8576010975822957 -0.2300914940141489 -1.129473526876782 -0.3467045699258011 1.268141920584908 -0.01482311727934828 -0.5484665776751173 -0.28304268983048 -0.2403809999368661 -0.07092660060111457 -0.016198969589469 0.004021895608811252 8.987657418652646e-05 -1.739134214498155e-06 0 -0.0001650447504397987 -0.003217871595731482 -0.0002741486817567091 0.9149175862496201 0.5732645061948773 -0.1927394580995886 0.02459004117720863 -0.03629805802744834 -0.1681385924269598 -0.2080775237308232 -0.2341412171858754 -0.1227134973300703 -0.02470842554843291 -0.03047882608119185 -0.007079828987565125 0.002406502847187894 -0.000310673891844986 9.454957005427808e-06 0
 -2.438175316330044 0 0 -4.124150428471202e-05 0.0002601068354271383 0.001501840460063395 0.007559217963524801 0.08866606613294525 0.007274642368580638 -0.004571203095354211 -0.009377846726748001 -0.003333135082341241 0.0002692385911699161 0.0008262040869591808 -0.006926403594533116 -0.002645442464166425 0.0004744959252623356 3.629400287191714e-05 1.613750128437786e-06 -5.006297646076556e-07 0 -7.036112750848284e-08 1.812466706712803e-07 0.0004380658064959663 -0.002508222931265665 -0.01975553362191178 -0.2044048977155258 0.1810259960196849 0.32263648980624 0.1735514024795277 0.08172929205748287 0.01007800633979771 -0.04700460722382059 -0.08345983333093124 0.06886395005188248 0.05982097354284901 0.01650583945766316 0.0253960869452168 0.01405594925485956 -0.00120323870759685 0.0009939824776764893 5.778872892576912e-07 -9.628076625477156e-06 -0.001007370287891865 0.00836508471791713 -0.002917500223465534 0.5816841680209163 0.1956553836172095 3.597097215965892 5.636959702530376 3.855286696923958 1.876736963292213 1.857041493478473 0.6905091739297929 -0.3416306305986316 -0.6559875928898889 -0.7540474353780664 -0.5322043030870728 -0.3354947519669743 -0.04962516021524851 -0.003546978897943403 2.871538921548968e-06 -1.646557859331898e-05 0.01536592467856134 -0.1023633971564802 -0.8796251760830771 0.3882292822349222 -0.6696634969047905 2.419204939378217 2.01561322890081 2.10484386704803 0.7393008291151538 0.9931767875943415 2.94635808921088 0.4199991207486433 -2.029713763147286 -1.321785085838745 -0.8825015604217246 0.1196127491980967 0.5691034950977288 -0.06195250159573258 4.599638757468448e-06 0.001613098164356255 0.07042975490500743 -0.8859713894658616 -0.8767565965956097 3.238757017091188 1.370347863019874 -1.322124448754788 -2.97947864945115 -0.5943013811720466 1.37361218614936 0.5040884872690214 1.303913901037195 -2.502929986946485 -3.495808290331659 -2.57249672732143 -0.8580460425156569 1.309755238433306 0.3664385706256168 -0.7005488724343145 -0.000126345254210308 0.004400666316072444 -0.03817082191603575 -0.5622969148719381 0.8444440894834582 1.619391110613308 1.501316854430401 0.5117842511453318 2.546593957903622 -2.045781359517726 -0.7932165095271173 -0.8421466728559981 1.441090712309745 -3.881288107758412 -2.623510910734067 -0.7919978410371056 -0.3033624943396968 1.243452298345864 1.303348343727217 -0.2265065716886895 0.0004000388899887304 -0.000641877846724326 -0.160156301545235 0.2033599115566037 1.20344117619559 -1.12589366587637 1.60340167882308 0.1153367324271772 0.8137492041636166 -2.762089118186997 1.35083260745409 -0.493323812264228 0.5371964376988499 -3.218055843918053 1.009413310709033 2.747396871943363 -2.045700839895015 -0.1486952809375371 1.20032881620267 -0.2661846747916603 0.0001920912899618969 0.01033106881974496 -0.3627905575552371 0.3537660355134063 1.384855262093263 -0.2342412728180514 1.068198924868945 -0.6990453594235315 -0.4129009217882281 0.609731855435901 0.231374440049814 -1.62497759172107 -0.6646745292569102 -1.793079793601836 0.4529743870852429 -0.3859338344890912 -1.795121453233347 -0.6679220280257638 0.1659459283676877 -0.6472073231448839 0.005553685747518844 -0.05068359867529857 -0.6394402793921939 -0.06459368653394243 0.1589055825629809 0.4415194460746534 1.778145669171724 0.880459117594974 -0.5772599118830245 -2.395745324520028 -1.359772373816492 -1.479934663645883 1.200624866957267 -0.8797328057082739 0.6737481124699761 1.119482842718446 -1.050965277470316 0.5534008388128706 0.9723967445849671 -0.8363394536799595 0.01450753365387126 -0.1492367170406655 -0.8757994793955762 -0.6046929804335426 -0.1523977426023067 1.162320153737076 -0.8954223338960154 1.202563050496932 0.8512999240874343 -3.771845447679089 -0.427205505839018 -0.9270295221275748 -0.7749437100820711 -0.9544136662858829 0.1167146386185385 0.921401289725725 -0.4704492088802136 -2.124673796844878 0.3779079105647671 -0.08123131258657255 0.0006457045877152111 -0.0364628585819461 -1.031838854414807 0.5077162885727206 -0.09235118561723968 -0.9850915793244723 2.107832090897691 -0.3595327169046085 1.486335191393414 -2.100941441537049 -0.4526450233362708 -1.633932566349921 1.938835082596638 0.7097272633859355 -1.241555943780323 -0.7485333436234585 -1.643381841233607 2.571682423043966 -0.6592679582079335 -0.8553124686590599 -0.0007195341165065726 -0.01200715358453656 -0.630532749179632 -2.504877891395003 1.207285491153414 -0.926089918364379 1.004987995093188 1.88082634636451 2.045777061656138 -0.005627797736144413 -0.2441741686026261 -2.140134354167584 0.8479518112063255 -1.66564414120223 -0.1526549683724772 -0.6734057637415169 0.3018760298856963 0.05264438757783402 -1.13306887336654 0.1549805923585718 0.003781677875294353 -0.02022378540699283 0.06142797208671769 -6.106817200228496 0.7137336909385188 0.6053893096042895 1.318810113536605 -0.05323975765480157 2.157366532904144 -1.384910128369521 0.2705700143644296 1.816990089950313 -1.595044404273702 0.2877433780044621 -0.3490449178729235 -0.7265354743666705 -2.254559088390651 -1.27058316857468 1.200949803364182 0.7225768688056013 0.003128845083758866 -0.01807008532161605 0.007251306053857796 -4.011178581535431 -1.254638068960593 -0.007884623898352892 0.5375806252905299 0.1367823420835528 3.038862286451802 -2.221167533606594 0.01197455956218882 1.214826476333319 0.246120161024198 -0.3503973417666014 -1.749510189065092 -1.854501687242167 -2.263678653287492 -1.512056854193135 1.964570190679472 0.94509535949173 0.0008466558482623151 0.001836864208031223 -0.005262268799724404 -2.201150156996994 -1.399110193372351 0.5878232258288678 -0.453033368027225 0.2354047579101984 0.261460340751855 -0.5948644369657105 0.1346340333224481 0.5338822144529137 -0.6660243664606601 -1.694957784112976 -1.040062321633801 -1.046798449657355 -2.295034914833896 -2.409607205967462 0.9956892747943217 0.7626772548070618 -1.203164940912764e-05 0.003949221167268213 0.06092721633781158 -1.571557509225712 -0.5838409305494171 0.8221904815111674 0.6590345197764423 -0.402351901995211 0.1327825847213457 1.707770860623751 0.08802552984696294 0.7985430964835653 -2.436274775630133 -0.744463940256552 -0.9296672890675332 -0.1570318648835879 -2.096693441074764 -1.090021296367996 0.8246121876307078 2.222505341857746 -5.982388686514431e-06 0.002386628376967784 0.04291372253144403 -0.7871720885819644 -0.7234898474731871 -0.360597072107216 0.9841633722218085 1.661723685020146 -0.8556150153457751 -1.269483151322518 -1.173410404831203 0.6331399589134421 -2.581700873653898 -2.491354297220302 -3.241669394554036 -3.681602529124876 -3.870991542590678 -2.028065263181368 -1.161069667520208 0.3482767380244374 2.205832290561286e-05 0.0008010278329963247 0.007700583216750712 -0.1278284215522749 -1.091032604479628 -2.085204715899108 -0.7534905021015283 0.4511507788849783 -1.425111139803455 -2.262264717923063 -0.3352743734598225 -0.4263443448419532 -0.82874130072593 1.609569851269294 -0.009922938093615139 -0.4255946113494887 -0.3125755102540848 -0.1198261995577323 -0.1050591620911092 -0.1044007337235053 -7.737579113591948e-07 -7.183891595744441e-06 0.0001796831179949219 0.01553276661903034 -0.1855056137827802 -1.069301665179076 -1.165537851777169 -0.4000132990439308 -0.07134968095929975 -0.09510411675322593 0.9020642612398682 0.07790055095247962 -0.1721961867636117 -0.009194191817885262 0.02632205690454814 0.03651896508053683 0.04306897428224493 0.02443403769630122 0.01793538377727305 0.004635339582691982 0 -2.136616307838006e-06 6.661118420167311e-06 0.002834832321187752 -0.03837450775738941 -0.1042677345991982 -0.1601039945095911 -0.02365041963900268 -0.01444579133105108 -0.001152294481428646 -0.08495079346553024 -0.02323162527427607 -0.004162658181832276 -0.02728101190161344 -0.005090622540657994 -0.005101315721967416 -0.006526373384925762 -0.001365560689019496 0.0001695112598573305 0
 -7.149111759375508 0 0 -3.57524927710373e-06 3.485259613910418e-05 6.434445851857487e-05 -0.0003576508739321668 -0.004536969917107563 -0.004180046593137153 0.0001696952590459882 3.930884486488808e-05 9.216784564234073e-06 4.154931082208296e-05 0.0001319823131200917 0.0004691881417209708 0.001072456808920149 0.0008419662411887069 0.0001736360428941862 8.381547160847011e-06 -2.563581695748372e-06 0 -7.794140959319518e-08 -3.540434052663092e-06 4.931386153212186e-05 6.735074733505275e-06 0.0003884320005156435 0.0051482443648355 -0.002843368245233864 -0.02098035881603212 -0.0242076335414007 -0.01327821616181655 0.002501140411133053 0.001715882506253032 -0.0003159682974234438 -0.0001867296843561876 -0.001571186801371519 0.005319945935189543 0.009866471788005947 0.006569356416326435 0.0004232539695931754 0.0002398487355152083 5.841513829883529e-07 -4.754919457118793e-05 0.0001684678812284113 0.003736283736958987 0.00121801693813563 -0.05423127525044245 -0.1308657423482396 -0.1212312268711461 -0.033721003454053 0.005336773323126917 -0.02037006163847305 -0.001472804075483931 -0.04984239246689678 -0.1868685542544764 -0.3303429881232916 -0.2674349221534374 -0.1299055448642948 -0.07839518221321264 8.203744889942933e-06 -0.002853548574093027 3.483310014758459e-06 0.0008008764448146778 -0.0007548319321328958 -0.08154307332305391 -0.1689696644751774 -0.4845598612233301 -0.5064233391856769 0.1927614944609617 0.6036627345666546 0.3585702423258684 -0.3400441486043044 -0.3038408815193356 -0.1394075408296175 -0.1340356201694874 -0.1288294106143214 -0.5399725176993053 -0.5663330307808568 -0.3945371514374924 -0.04182945802729037 -0.01066379060862666 1.082299683509055e-05 0.001854648296530696 -0.001010342578854327 -0.2142881799549187 -0.6225840294973612 -0.7925461790605407 -0.05876154439175667 0.7280584655838187 0.4439478119109675 0.01286694042935605 -0.8003712069033717 -0.754294604325716 -0.3570677850412119 -0.4604818246154264 0.1887473122443289 0.3506379275371725 -0.322856347184469 -0.5199554198769013 -0.2039584895673489 -0.004951299226318144 -9.817837589692673e-05 -0.0002488136649548403 0.02208199867755336 -0.3076101866384034 -0.8357021307010487 -0.04174418039853178 0.4154784207234999 0.6661465155873035 0.1083211974811069 -0.2681047262772535 -0.4391930119484024 -0.8768154492826602 -0.01522044877973307 -0.2421682136727669 -0.2703307471914684 0.5646356275313221 -0.3720653624563398 -0.4057795233904229 -0.4089631904140301 -0.02519971805323416 -0.0001381277247174219 -0.003148436122254024 0.01828347613769078 -0.3869780881512248 -0.583191953049652 0.1077712011157456 0.778581937249143 0.4634869155628518 0.02713256807573274 -0.09124067436063074 -0.5177741031440845 -0.8552611876497248 0.6912978987252796 0.7282938179778027 -0.02047040245633789 -0.05510969398126127 -0.5125305848397959 -0.04637360230633644 -0.6180549244097091 -0.07532443208370171 0.0007832965210022809 -0.009827797452898773 -0.02572767951925372 -0.2935431904676478 -0.2429049949774092 -0.1272759949215508 0.5169751531809282 0.9653173723898034 0.1493634431029472 -0.4113289078136939 -0.2671127361908356 0.009062858153281511 1.146467245803652 0.7608370270731384 0.0352128662113704 -0.8903585920349205 0.3402582861500174 -0.1489582935710145 -0.9641617149745606 -0.1094346989060488 0.001055357936874338 -0.007463761808739122 -0.1268027310128463 -0.1559606916105872 0.05777320539000131 -0.3899667324841669 0.3621758312249001 0.3601659699996015 0.5012087889842266 0.8367438942127564 1.100070794792549 0.4721486173986191 0.3952927732627184 0.8460053153253145 -0.02976252853408684 -0.7965214389875769 1.031281874495689 -0.3373970507753988 -0.9728309435343411 -0.1787235093084326 0.002611087310709482 -0.02576138419760454 -0.2468929351377637 -0.2544877131499308 0.8871765088843143 -0.251373512380993 -0.06677756680325628 0.7767774410775186 1.212582652746463 0.4152886806521975 0.320236288355924 0.7196262565776403 0.3848744978643273 -0.04344426641107439 -0.6185358924154523 0.4922605498938705 1.181982133100855 0.05924445328666981 -0.9187994726263662 -0.2226905694109347 0.006572877053416314 -0.06357224051768307 -0.4868994408969576 0.03471464540361463 0.8360652802468489 -0.5286083569369173 -0.5272504030070222 -0.9711290255505972 0.0284435828000413 0.5585089393083117 -0.03734439111454909 0.3588372315199146 0.2168595351552407 -0.9041219599294916 -0.8049595344612654 0.05384477181427069 -0.1081376032054188 0.6338456313860554 -0.6601182370842259 -0.161362807934421 0.007740964571895296 -0.1043807083622241 -0.6173480783033876 0.02247027628250064 0.3853591328533997 -0.1688002754492154 -0.2006718705628353 -0.6122176876270143 -0.03434864725222157 1.26681645383818 0.6900212280020878 0.5642542700054635 0.2028179442986322 0.09935518015894143 -0.4820927833601129 -0.4528835437103687 -0.1710531249156712 0.8846402681283516 -0.5052774270078471 -0.08129220472281368 0.01010496242547305 -0.1186907974218031 -0.8604386402424942 0.09128472959131353 0.6368038005731889 -0.6077989311995575 0.1749674058613439 -0.008363214797219597 -0.4351479930018503 -0.7777467178399053 0.1223333963538684 -0.635855625832163 -0.2964193181353244 -0.5278447878627301 -0.24918657922309 0.426339299458077 0.0843106377316685 0.4759941544529975 -0.3820915829987998 -0.0465851817821575 0.01096904222738432 -0.1262303765021501 -0.5499130681913783 0.1486826388306202 -0.2874671236500968 -0.115462562875217 -0.1041369617328217 0.1047685743316423 0.669031269720589 -0.6191736509832986 -0.671845677600341 -0.5120247554562387 -0.9301227178105174 -0.5821031690796722 0.1296002924463269 0.1041166666205607 0.2668113189988349 0.4273817365155822 -0.1182565683976171 -0.02220512522983051 0.004345391853056741 -0.04520102613981684 -0.4506049413086996 -0.08592635331471066 0.0516828844540145 -0.1416253621932718 0.1029826996744112 0.7681297979193342 0.8823458077161062 -0.09477001436395086 -0.8929026683108363 0.2449555582134357 -0.2863160881824011 -0.665796851883325 -0.2410290712122859 -0.5570661253450467 -0.01718550701245966 0.2854658250011732 -0.0636654005844772 -0.01878947203690738 -0.0002574985761953868 0.001017940308468374 -0.189634755819338 -0.06766789134620374 0.1914162448063435 -0.3045764953603172 -0.06007483640764749 0.6875213331587298 0.3536077089218435 0.3201096081803189 -0.68049538498812 -0.5221185276589512 -0.07335294461209706 0.009096561024900756 0.3088576756305247 0.05449832055758991 0.395389045536664 0.08254405867884361 -0.09088812833917856 -0.014765936061024 0.002306558701781268 -0.02141591839668735 -0.1151211564600906 -0.3671359555983307 0.01596195727729406 0.3278892872669313 0.9607621801079684 1.079538830510525 0.4870376330332438 0.1668236787036771 -0.2282309348719221 -0.4302631745438075 -0.3997465482612471 0.1745400353323446 0.342200939607526 0.2805999208598301 0.141557076117929 -0.0921882939507089 -0.05457071085307016 0.003777670772760381 0.002155642839557355 -0.02349449849170572 -0.02449757673822573 -0.1062605074030326 -0.2881356584590449 -0.2623247114294957 0.109012217153167 0.127444679316576 0.3276924389663078 -0.1828949990545737 -0.09490506646531259 0.06930839120691858 -0.09916740459066455 -0.1253422532124971 -0.003955214919803126 -0.05098142507222813 -0.03555841376449213 -0.01234889026433269 -0.02009575123820744 0.003613995996418333 -8.660836603395522e-05 0.001044593249190531 0.0005202534409694073 0.01891521822988412 -0.1973403211247383 -0.4733178852582169 -0.4849635239275685 -0.2565665764318258 -0.06766027153222162 0.01076359218048049 -0.05927928136031898 -0.1501304857082863 -0.1598220373104147 -0.1126850571249162 -0.1384999883815991 -0.04156619923348194 -0.000159806235287378 0.001256950915366014 0.001248559727672524 -0.0002385565946889753 0 -1.427184976900679e-05 -0.0006074985638065115 0.008046098134601328 -0.009965908420570596 0.02272129516947384 0.03839217649621991 -0.0003685661258767303 0.01597009028166846 0.006633749064619089 -0.01179782018883491 -0.02981985696918095 -0.02831821527137168 -0.01418284864799661 -0.01524717231552203 -0.006333464394739281 0.0002807046485963053 -9.251543761494048e-05 8.586774890896651e-06 0
 -4.50909043583253 0 0 -1.604133191882085e-06 1.922653536672544e-05 0.0002649122193933024 -0.004344001921214756 -0.003276531111794249 -0.0008007346929606783 -0.013144635760215 -0.007157683440791545 -0.0002083510787198364 0.0007708955994330398 0.001124107424249668 0.002137652493067737 0.002376801168944864 0.0008389089558650153 0.0008082260055964581 0.0001106839319220113 -1.634060445477516e-05 0 -8.243065324109697e-08 -5.133882119403454e-06 -3.959711355282994e-06 0.0009116703989014451 -0.002448011240282851 -0.001196312573175161 -0.00977631278087366 -0.06819266670250276 -0.133786484022636 -0.05393632113788467 -0.003988765124476693 -0.0113771798883246 -0.01225172314880329 -0.01265577830173237 -0.01720040338965326 -0.005931584463776771 -0.006429623061080489 0.001710086645293535 -0.0008264272244014505 -0.001245404312654008 6.881997806432012e-07 1.929297204105016e-05 0.0002323743114552096 -0.002685996585548668 -0.04032221553241654 -0.108378226702058 -0.156664770203954 -0.6664416833926071 -1.009717848914102 -0.36727953079113 -0.1125154936059344 -0.1391060626714486 -0.0713396428354181 -0.06383098962876699 -0.03850172514593708 -0.06773474272623047 -0.04842319195405142 -0.07489256366981531 0.01507737125429841 0.02232113232255006 3.13123781574994e-06 0.0003983433038620354 0.001284366778327968 -0.05118595347971509 -0.2049885737338129 -0.4825348681448239 -0.6344150694916659 -0.7749282178466058 -0.4083661963066947 -0.1017030053482343 -0.03831581566298981 0.3109210961317261 -0.05073536253545637 -0.7832808271119733 -0.7514115084265943 -0.4070176602646169 -0.1807766010095219 -0.05324100110414047 0.007144567217322002 -0.002321138746588011 6.182099131467565e-06 0.0005017995571627482 0.003664848945835018 -0.07684800767933944 -0.5395792544403876 -0.8885007844532191 -0.6237195433351191 0.4402468838387812 1.682717342003132 0.7588405800716983 -0.3057628391689287 0.007748493823501536 0.02862393400420236 -0.7325075822421547 -0.6543493632297482 -0.6978605550780458 -0.7036190508440667 -0.08257384366053851 0.01953836381991784 -0.1282800482212154 -6.457742064708436e-05 0.0008749868886633077 0.008951787741701075 -0.2350331753341437 -0.9821805382554101 -0.643251730373839 -0.302236104130685 0.03737934974085064 0.7424394496072454 0.9110546099248896 0.08889395384288451 -0.6464743184992929 -0.2219872441417513 -0.08098313279639927 -0.172055308368943 -0.2613476689652899 -0.3596624359546167 -0.1239453573033841 -0.06564721421882228 -0.09129895248428266 -0.0001051900454746805 0.0009306083948642421 0.006437492668340607 -0.3749416167047996 -1.104636797966563 -0.5232052978123071 -0.255839983169611 -0.3386234623837304 0.4700134216916124 0.7567209619515312 -0.1021596928622696 -0.189257095030899 0.4121691520150459 0.02103316815850755 -1.042599609481587 -0.356066782292481 -0.1820003914795617 -0.4446741611622344 0.3900877489465146 0.04321997114203009 -0.00110498420264243 -0.00998527092780621 -0.005244311459814812 -0.4691470317483533 -0.1230924103386574 0.3989288721868798 -0.425071491938023 0.5085337616766593 1.175039370969244 0.4142694548484915 -0.07501837954956074 0.4797681648098117 0.2939329087901601 -0.09170930573011131 -1.106641590843018 -0.3383899703677729 -0.9754667413950822 -0.4831896741496253 0.1062095075888412 -0.3602734993879865 -0.0032230395773279 -0.04115519765546904 -0.09049816256875937 0.1660752230356554 0.7658758601490329 0.06577240640970698 -0.2958579291298058 0.08729204138312889 0.3752344860585391 0.1762913886209928 -0.2998104414429362 0.1323559058920009 -0.01020049562841452 -0.03998112899036591 -1.023868493915117 -0.5111911476356245 -0.6875742046109653 -0.473414036455758 0.2314143794580546 -0.5498718322244537 -0.000693206896742191 -0.06838544817099053 -0.2592819260900971 -0.3621668934606351 0.6839121588142031 0.7153725634119305 0.331266757368238 -0.4938725245324221 -0.4049004183983691 0.2897092936228689 0.4483488925603856 -0.121980758470491 0.01924928145562931 -0.3049520205079238 -0.8129511914635352 -0.1851065370127859 -0.549201867142094 -0.7476625452220207 0.4020326214042646 -0.5278705280538903 0.002372279712829921 -0.0974361617787451 -0.2994363276141191 -1.064202559701323 0.6427059978034846 2.003086989932919 0.8758996623349715 0.416731827574997 -0.1754363987320474 0.4400626276454681 0.240212912880877 -1.048744991881815 0.1401703955638364 -0.2293514496255973 -0.9619714749996762 -0.258224640385774 -0.7235814048521607 -1.143191563049956 0.7856181652856604 0.02899236299008531 0.005353579520140938 -0.1158750811253769 -0.4525873072503535 -1.506028247069077 0.5558286322913418 1.876377838331025 -0.2617726476751736 -0.4863750767454702 0.299193630635943 0.3783503707653504 0.9692904584978425 0.8770623027517653 -0.1923830492996449 -0.17173065706429 -0.6611097339519793 -0.5273889226059951 -0.9682615201422888 -0.1661787539714483 0.116310329366811 -0.1792368549595429 0.01395801430048989 -0.1402396473439137 -0.6679749044615526 -1.8785236988813 0.794210048047412 0.8459682378699979 -0.3247167487478471 -0.1850406766356744 0.9037762075505892 0.0180734567020926 0.6511920415481405 -0.01368251347797257 -0.03538714279719597 0.3672824890973931 -0.9306314890142453 -0.749691836240593 -0.7498219251056061 0.1500728172012335 1.176057105095781 -0.108111662924123 0.01090701574054504 -0.1130008431347846 -0.5073733241515669 -1.533177628302786 0.3661354197443108 -0.1912792359134521 -0.5758692594725963 0.4893039424751627 0.1832279378423584 0.5622369937221912 -0.3136797743582083 -0.7430903849418065 0.2196119567866911 -0.3480366762633653 -0.1400855232419626 -0.332587231758452 -1.070349787370388 -0.1146488473146575 1.148699159661823 0.2342850221595219 0.001102020235966721 -0.04155678941926405 -0.2660847417639293 -1.144345467533921 -0.2844826693001748 0.6368607253377068 -0.4210999343596453 -0.2202163105311469 1.232881075390789 0.728439514131675 0.2707106746866763 -0.722950676351014 -0.2732426511715147 0.4048534260191784 0.1692082861674389 -0.4328118621803582 -0.4263076139977232 0.4716889693740822 0.9664479027926218 0.1639991155917042 -0.001694215951283719 -0.003900387497803911 -0.0413641077374647 -0.8265342434008776 -1.405811886526812 0.1659650430424371 -0.5153758056105118 0.0348572886904354 0.7944153556277672 0.513086791614687 0.3190121689229739 -0.6711328596977387 -1.055768199738246 -0.5151661872950324 -0.4220916431630605 -0.5300136286249656 -0.09957939764714302 0.9217593983775435 0.9792325705918671 0.04831438354817436 -0.0003011474955242317 0.001749121296616414 0.002221132779483712 -0.4071534265588521 -1.272554437831554 -1.163254504737274 -1.360237411390051 -0.5185620974676175 0.08603833207527976 -0.4197486115871613 -0.5882093249418601 -0.8682311074652561 -0.9755293603386724 -0.427465219566566 0.04875432601237439 0.1955942076108521 0.2109524536136068 0.7274953547861485 0.4647275271599874 0.05278278798250952 5.390765105662509e-05 0.001236433683702137 0.003053788580229719 -0.1431192038830056 -0.5361875583623855 -1.085419292953861 -1.117805216213267 -0.5503945610272533 -0.0939976337889514 -0.5052587510282621 -0.7096207370275266 -0.8051378385653745 -0.6885659273094984 -0.1722662349379041 0.345329668871899 0.2689717454580896 0.03603254708545225 0.05545545602139178 0.06677322522024016 -0.0007612664525302581 -5.380076395222711e-07 -1.783007725607422e-05 0.0007476438265357314 0.005845247199283335 -0.128913006572157 -0.6012024822581183 -0.4805624377466886 -0.1597168500454448 -0.1369145755861252 -0.06394515595374994 0.03088569825827212 -0.09542544975957629 -0.1389081236362916 -0.02979252210861189 -0.003508071950828239 -0.03747124678399534 -0.0260915798649536 -0.007115210828722214 -0.005628774564250596 -0.0007749074584943384 0 -1.935449346974329e-06 1.959106437194167e-05 0.002012897958056985 -0.03037412016726075 -0.08545721557701663 -0.02796084937834255 0.01081299748697289 0.001947495319173127 0.002103372943820921 0.005143718263894878 -0.03048334126684808 -0.05994951221286172 -0.01507951370922157 0.0007401026577290808 0.002005772757641509 0.0008343500950526426 -0.000421676843431232 2.674772328096905e-05 0
 -8.731473448606232 0 0 -6.048697238405285e-07 -8.106883074801917e-06 0.0001746266716645018 0.001297741691402324 0.0001075678112997075 -0.0006265988036053527 -0.001250136619387924 -0.002580129192326482 -0.0005374572924567721 0.0005222839690737356 0.0008500837900845932 0.01076118774834882 0.009424571048901542 -5.087683970498756e-05 1.587062676831938e-05 5.296856198323118e-07 -5.598379718986211e-07 0 -1.568359973684604e-07 -1.657132094631565e-05 -3.575080664114392e-05 0.002380251846258635 0.003686906847983341 -0.01211916257318019 0.007949827818184646 0.01218718381947882 0.00489039660295516 0.02369247205168511 0.02509430721882563 0.03064134818687704 0.0218771250923934 -0.07894640060831808 -0.1037923608763587 -0.01947929701154845 0.01278032515603357 0.01174994377289993 -0.0004877516257412424 8.49627344387378e-06 1.343750128056365e-06 8.542229706111956e-05 0.0001311285562016097 -0.01051309573240174 -0.03943386838825246 -0.0941487451862302 -0.18202026392882 -0.3015430326677602 -0.43446835671217 -0.4818476465194656 -0.7408619519063567 -0.9870439612417977 -0.7614148917661941 -1.253287772785502 -0.6665991778154745 0.2603116860282375 -0.07161910579534146 -0.1594324370267478 0.01944614317630691 0.004032084279102683 5.789236168176983e-06 0.001011530630519808 0.004381993218367087 -0.1442701510329068 -0.3359982346082039 -0.5102443586978124 -0.9787608336962672 -0.7781830501830185 -0.3863404798221995 0.2235108496404214 0.7531916566416642 -0.3333047275694979 -0.1444050483295659 -0.6734168663203872 -0.2085338991529433 1.418687133080977 0.6040741869509111 -0.04303931725456236 -0.1093707515207497 -0.03497389206142035 -2.30927487135715e-05 0.002833560612611172 0.0006816665762552176 -0.3271021901706408 -0.6773248596264546 -0.28207321933622 -0.5828847493567795 -0.4286492109758538 1.158462731755264 1.739801797501773 2.645903032872339 0.4042073910057348 0.8035396509949732 1.276200323796027 -0.5344159008012586 1.481752357401217 1.978681121377293 0.243955542121886 -0.3411856373197165 -0.1014658785614246 -0.0003002787603227373 0.005319702852253516 -0.04760823313098264 -0.4879053423547656 -0.9501539769696907 -0.2054583729923821 -1.790397620244915 -0.7659956556103518 0.4685442111889786 0.1308244089739572 1.500915578011102 2.812301029005298 0.3244014453066623 2.312745344209763 0.252618304993833 -0.9841377193916476 -2.63103315374875 -1.085155837718942 -0.5255387950559849 -0.06780272720724263 0.005224067865814488 -0.04629893234399163 -0.5404441902155142 -1.194141830369285 -1.359537511563 -0.08234740824450273 -1.90822466842194 0.426846785960722 -0.5512319168633669 -0.07427997553068701 -0.02008478889791426 1.404157811690481 0.3633768736512634 -0.1326555857871128 -0.007635638534572769 -0.1963534497632853 0.2524002627320459 -1.705397447495493 -1.188737346559305 -0.02785846064170964 0.007102788628850876 -0.0615477922539257 -1.581920541581192 -1.547054374842798 0.4169632740169963 1.468126812121879 -0.6534626489127388 0.4208597005938737 0.722800117157541 1.173663639380144 1.746468206984066 -0.6103206601616395 1.489636084504929 -0.8073700161111522 3.407480624132361 1.329816097421866 3.346117777202442 -0.02794585984129763 -2.524956166060027 -0.3808492085306278 0.004289297307527098 -0.07530105429462866 -2.48316587919688 -0.4684712028923311 -0.4369615423361496 -0.5068890116675262 -1.299435959222414 -0.3333444934384557 0.8058397583307224 -1.055736978820921 2.037474343523889 1.895653080430576 2.304159389956379 1.564380520105622 2.863194771955282 0.3171905244076221 2.050427224285302 0.6023153989483927 -1.613836677853312 -0.6061495066525342 0.0008064564223554331 -0.2198865971348624 -1.416126091333852 0.7878907814384288 0.2567459011476462 1.563465337460144 0.8843124446242738 0.2297711347264764 -0.9757617930722455 -1.98228178132688 1.724497033956764 -3.27996025516811 -3.929054019453886 -3.076763232995467 0.2658344415682989 -1.464097973789743 2.150835623830218 -0.2011197926211125 -0.6133611594428414 -0.4763651517881837 -0.01662278181907188 -0.264362590397791 0.4169332729611138 0.7038461823714106 -0.7531870664880091 0.9016243097747129 1.093315156300458 0.01194294673123589 -1.070689575741793 -3.344676374411201 -5.741882496973655 -6.715455106899766 -1.714347746682421 -1.718636043859138 -2.873183259279724 0.8576329225176902 0.9072472117089834 -0.8057426180109326 -1.911913605714481 -0.1755451599010655 -0.05307842673445575 -0.8484373481828277 -1.362011015937332 0.1661191312578059 0.8753373985260169 0.2156596185015232 -0.564286876626005 -1.022047696765411 -1.078518811585347 -3.152377266471977 -3.037606400137766 0.5431592761512037 -0.5243574331986813 -0.1212512325448903 -1.371217858666427 0.3779372181799415 -1.173305553872666 -1.105096914854175 -1.59854335720966 0.0427427424585719 0.0896488062295876 -1.415142231504284 -0.5826301451212281 0.2486145736076595 -0.7775074075838125 2.257467827461062 -0.1211784620704092 1.356503374063758 1.220900290152547 0.2730805994872494 0.730825734761175 -1.424589985153753 -0.1040790730846617 -0.5943841394523021 -1.192429946142165 -3.110914516541105 -0.5070582598693609 -0.4520160799743469 -0.5904699279134898 -0.02387159236403939 0.05649107518531219 -0.6512383700335304 -0.08170198218486886 0.6678222842183632 -1.010958718122717 1.505809324265153 1.650285660405647 1.83933042243449 1.021835094667519 -1.922518737891026 -1.570887835624611 -0.6133993034975915 0.4649361036155663 0.04502344088496925 -0.9047296383253562 -2.267891566539412 0.5482325650047939 -0.7491022859237298 -0.5631496831727201 0.0203412233952282 0.0006763554522648198 -0.09813851389163428 -0.5769941654826292 -0.2456598981251669 1.850035427122285 0.6168317982812028 -2.127764965952353 0.4186899038407644 1.934729031403112 -0.4176850363031984 -0.1161954438971998 1.197864952890859 -1.01967994852452 0.06832450240568523 -1.989737868330721 -0.2596441141928375 0.309537410238975 -2.077712283632983 -0.7595660565692913 -0.02813949226778178 0.002760846160201217 -0.03486180071274602 -1.208871448784587 -1.024841204366763 1.292338988294414 -1.491848187701984 -0.3201017931211965 1.974121154711321 1.151969002551146 -0.9028111602396049 0.1075551628904567 -1.134549064422449 0.6630081659214466 1.532710211127795 -0.7451243974600101 1.053251778774886 -0.5488474359912586 -1.367805775013101 -0.8273984530413367 -0.3638382005938181 0.0007363984180246572 -0.009581904711958749 -0.2083370580711219 0.118653200038038 -0.1055339283673849 -0.9850528899524107 -0.3408709186131259 1.360969761711615 0.8231023276423458 0.775856086289469 2.589991544531589 0.9223772595674915 -0.2172637961557238 -2.559404834698081 -2.005206695156386 -1.548049719835298 -1.081992942372789 -0.2725910897223148 -0.4556529764623979 -0.2180804535350355 -7.412928214030981e-05 -0.01735957182320296 0.1398737922287616 0.8175520438013781 -1.301858274690978 -1.654543043483559 -0.009376768511970128 0.1116732797670864 -0.1195686445739188 0.7168269738703549 1.439380808329763 0.9148853826490769 -1.136690182361215 -1.749990733582625 -1.921540917669655 -1.521604384616407 -0.7626016696785813 0.006501385678912391 -0.03231716498524068 -0.001763452103321722 -6.861275205618292e-07 0.0008275262624184181 0.004883563217219385 -0.0429202279131581 -1.411744484365225 -1.477488468607891 -0.5945744955682273 -0.2088932495338094 -0.1024196211210786 -0.2864139561203686 -0.2524453670703384 -0.5340059095456391 -0.7499515600311126 -0.1861398733100134 0.04258706552941049 0.05807957510418864 0.02877951646888201 0.002072213227967097 0.00624198934299353 0.002223284398560557 0 -3.953016459067358e-05 -0.0003156401023981844 0.02483922823965515 -0.3079308661194129 -0.02512090138560494 -0.09468100576144099 -0.002730511819702987 0.01490232889209493 0.02602955731143501 0.01633485627255202 0.04155978410854121 0.06572681717819591 0.02152185625040679 0.003692062559191211 0.006342965528470496 0.001072204596471416 -0.0003523183501105743 1.685097628450985e-05 0


